week_start,digital_catchuptv_bledina_brand-equity_spends,digital_dataretailers_bledina_brand-equity_spends,digital_directbuying_bledina_brand-equity_spends,digital_keywordtargeting_bledina_brand-equity_spends,digital_nativeads_bledina_brand-equity_spends,digital_programmatic_bledina_brand-equity_spends,digital_sea_bledina_brand-equity_spends,digital_social_bledina_brand-equity_spends,press_equity_bledina_brand-equity_spends,tv_equity_bledina_brand-equity_spends,digital_dataretailers_bledina_brand-range_spends,digital_directbuying_bledina_brand-range_spends,digital_keywordtargeting_bledina_brand-range_spends,digital_programmatic_bledina_brand-range_spends,digital_sea_bledina_brand-range_spends,digital_social_bledina_brand-range_spends,press_product_bledina_brand-range_spends,app_total_bledina_brand_visits,crm_automatic_bledina_brand_emails,crm_event_bledina_brand_emails,website_total_bledina_brand_visits,competition_digital_competition-nestle_total_spends,competition_digital_competition-others_total_spends,competition_ooh_competition-nestle_total_spends,competition_ooh_competition-others_total_spends,competition_press_competition-nestle_total_spends,competition_press_competition-others_total_spends,competition_tv_competition-nestle_total_spends,competition_tv_competition-others_total_spends,macroeconomic_total_total_total_cci,macroeconomic_total_total_total_holiday,macroeconomic_total_total_total_livebirths,macroeconomic_total_total_total_lockdownflag,macroeconomic_total_total_total_population,macroeconomic_total_total_total_unemploymentrate,macroeconomic_total_total_total_weeklycases,macroeconomic_total_total_total_weeklydeath,digital_catchuptv_bledina_product_spends,digital_dataretailers_bledina_product_spends,digital_keywordtargeting_bledina_product_spends,digital_programmatic_bledina_product_spends,digital_social_bledina_product_spends,press_product_bledina_product_spends,tv_product_bledina_product_spends,promo_total_bledina_bledina_spends,retail_total_bledina_product_volume,retail_total_bledina_product_dvm,retail_total_bledina_product_price,competition_retail_competition_nonorganic_dvm,competition_retail_competition_nonorganic_price,Sales
02-01-2017,0.01,0,0.01,0,2367.4,0.06,16089.49,0.01,0,2369.39,0,0,0,0,0,0,0,0,21274,0,186007,0,10838.70968,0,225.8064516,0,32741.93548,354064.5161,447096.7742,100,0,60446,0,64639000,9.3,0,0,0,0,0,0,0,0,0,7238.542484,1159063.639,67.14297034,5.941144875,49.75230593,4.615064714,6886165
09-01-2017,0,0,0.01,0,2785.65,0.05,11618.44,10034.99,0,2470.6,0,0,0,0,0,0,0,0,41976,15539,141778,0,10838.70968,0,225.8064516,0,32741.93548,354064.5161,447096.7742,100,0,60446,0,64639000,9.3,0,0,0,0,0,0,0,0,0,20498.18823,970022.3907,63.11212344,6.057040597,45.13866376,4.613791861,5875465
16-01-2017,0,0,0.01,0,2708.31,0.08,10388.53,6955.56,0,2470.6,0,0,0,0.01,0,0,0,0,24593,0,130202,0,10838.70968,0,225.8064516,0,32741.93548,354064.5161,447096.7742,100,0,60446,0,64639000,9.3,0,0,0,0,0,0,0,0,0,104070.9121,1004450.341,64.28164638,5.871733782,50.75838907,4.523880432,5897865
23-01-2017,0,0,0,0,2473.94,0.08,9699.73,4630.01,0,2470.6,0,0,0,0.01,0,0,0,0,6784,0,111688,0,10838.70968,0,225.8064516,0,32741.93548,354064.5161,447096.7742,100,0,60446,0,64639000,9.3,0,0,0,0,0,0,0,0,0,67294.61693,901215.4172,63.69652982,6.026822107,51.561729,4.645751195,5431465
30-01-2017,0,0,0.01,0,618.99,0.01,6182.01,2911.88,0,2463.25,0,0,0,0,0,0,0,0,23766,0,81460,15357.14286,5953.917051,178.5714286,243.0875576,0,77390.553,381161.2903,274527.6498,100.7142857,0,56518.85714,0,64631857.14,9.3,0,0,0,0,0,0,0,0,0,46532.72978,923384.6802,64.75291375,5.953575057,51.45066751,4.707299062,5497440
06-02-2017,319.05,0,0.01,0,4.19,0.01,3034.42,605.48,0,1954.8,0,0,0,0,0,0,0,0,17831,207,60139,21500,4000,250,250,0,95250,392000,205500,101,0,54948,0,64629000,9.3,0,0,0,0,0,0,0,0,0,15133.54297,916427.9301,65.38455178,5.996805444,51.0228595,4.809912272,5495640
13-02-2017,569.36,0,0.01,0,5.41,0,3856.28,0,0,1954.8,0,0,0,0,0,0,0,0,43206,2,60315,21500,4000,250,250,0,95250,392000,205500,101,0,54948,0,64629000,9.3,0,0,0,0,0,0,0,0,0,11248.00542,835457.3712,64.00878915,6.005500906,50.17897517,4.779039231,5017340
20-02-2017,9025.68,0,142.3,0,2.03,22.43,4816.22,0,0,84603.24,0,0,0,0,0,0,0,0,49910,28929,72043,21500,4000,250,250,0,95250,392000,205500,101,0,54948,0,64629000,9.3,0,0,0,0,0,0,0,0,0,5399.594198,854991.478,63.87174546,5.991451531,51.10171722,4.724991702,5122640
27-02-2017,8005.92,0,2529.44,0,10.86,25.83,5907.24,0,9000,61599.48,0,0,0,0,0,0,0,0,28919,0,76102,124529.9539,10981.56682,232.718894,232.718894,0,101730.4147,238774.1935,354843.318,101,0,57610.85714,0,64629714.29,9.3,0,0,0,0,0,0,0,0,0,101883.623,1078376.426,64.51631397,5.842497898,53.94603254,4.764664144,6300412
06-03-2017,1026.42,0,857.08,0,0.35,0,3991.23,0,2500,2582.74,0,0,0,0,0,0,0,0,25931,0,56577,165741.9355,13774.19355,225.8064516,225.8064516,0,104322.5806,177483.871,414580.6452,101,0,58676,0,64630000,9.3,0,0,0,0,0,0,0,0,0,264798.8412,1281661.517,64.11987783,5.586273681,53.45630113,4.685891221,7159712
13-03-2017,9546.12,0,118.82,0,2128.64,220.45,5505.79,0,0,104625.69,0,0,0,0,0,0,0,0,29348,0,62286,165741.9355,13774.19355,225.8064516,225.8064516,0,104322.5806,177483.871,414580.6452,101,0,58676,0,64630000,9.3,0,0,0,0,0,0,0,0,0,58358.30304,865798.7417,63.68732451,6.000831082,51.11580424,4.791321673,5195512
20-03-2017,10549.83,0,677.72,0,3033.53,3519.68,3708.69,0,0,141746.59,0,0,0,0,0,0,0,0,28886,20453,61453,165741.9355,13774.19355,225.8064516,225.8064516,0,104322.5806,177483.871,414580.6452,101,0,58676,0,64630000,9.3,0,0,0,0,0,0,0,0,0,2869.845168,844936.5953,63.65552009,5.992534858,50.56547963,4.798518869,5063312
27-03-2017,8142.21,0,9300.43,0,2914.77,18928.29,3506.24,0,9000,192807.12,0,0,0,0,0,0,0,0,8568,450,54879,139053.7634,17772.04301,161.2903226,21561.29032,0,98582.7957,250840.8602,308062.3656,100.7142857,0,58252.85714,0,64631714.29,9.271428571,0,0,0,0,0,0,0,0,0,2418.870809,920174.621,65.45739832,5.987789572,51.87617373,4.7790854,5509812
03-04-2017,7899.47,0,17384.78,0,2834.34,22754.14,4155.89,0,10500,84304.4,0,0,0,0,0,0,0,0,32413,1719,60514,72333.33333,27766.66667,0,74900,0,84233.33333,434233.3333,41766.66667,100,0,57195,0,64636000,9.2,0,0,0,0,0,0,0,0,0,23026.38546,999024.6128,65.60943093,5.893078033,50.65515939,4.814158304,5887330
10-04-2017,7428.49,0,17145.13,0,2846.18,8331.12,5088.03,0,0,70002.64,0,0,0,0,0,0,0,0,54916,18353,56069,72333.33333,27766.66667,0,74900,0,84233.33333,434233.3333,41766.66667,100,0,57195,0,64636000,9.2,0,0,0,0,0,0,0,0,0,11789.0503,911497.7459,65.41133173,5.955066838,50.17816912,4.839290016,5428030
17-04-2017,7891.39,0,17246.06,0,2788.78,9315.87,5127.34,0,0,365.28,0,0,0,0,0,0,0,0,32644,4654,55213,72333.33333,27766.66667,0,74900,0,84233.33333,434233.3333,41766.66667,100,1,57195,0,64636000,9.2,0,0,0,0,0,0,0,0,0,73355.4437,885830.9618,65.797297,5.981874904,48.45130988,4.764465897,5298930
24-04-2017,7707.23,0,12175.5,0,2770.82,11579.46,5003.66,0,4650,3472.8,0,0,0,0,0,0,0,0,32394,3126,52285,72333.33333,27766.66667,0,74900,0,84233.33333,434233.3333,41766.66667,100,0,57195,0,64636000,9.2,0,0,0,0,0,0,0,0,0,17808.0807,935522.7547,64.59855597,5.927092603,48.00250237,4.797175797,5544930
01-05-2017,7403.25,0,8220.86,0,2741.71,10087.32,4384.55,0,18000,162625.22,0,0,0,0,0,0,0,0,31680,0,50412,88290.32258,9032.258065,0,225.8064516,0,81516.12903,204806.4516,12870.96774,102,1,62091,0,64644000,9.2,0,0,0,0,0,0,0,0,0,49194.37594,990616.4689,65.34027195,5.779837788,49.52915353,4.7802906,5725602.5
08-05-2017,6690.02,0,9413.43,0,2766.15,5790.86,4381.68,0,2500,134940.57,0,0,0,0,0,0,0,0,26400,16714,47103,88290.32258,9032.258065,0,225.8064516,0,81516.12903,204806.4516,12870.96774,102,1,62091,0,64644000,9.2,0,0,0,0,0,0,0,0,0,27491.23418,877567.2233,64.80546686,5.907698422,49.33001716,4.848633016,5184402.5
15-05-2017,657.58,0,7289.31,0,2740.7,3336.48,4641.91,0.01,7550,111983.42,0,0,0,0,0,0,0,0,38453,3089,47660,88290.32258,9032.258065,0,225.8064516,0,81516.12903,204806.4516,12870.96774,102,0,62091,0,64644000,9.2,0,0,0,0,0,0,0,0,0,45059.82484,861689.7927,63.36726683,5.9028232,48.35386386,4.959743564,5086402.5
22-05-2017,444.54,0.05,5674.47,0,2756.55,2794.47,3364.62,0,0,96277.97,0,0,0,0,0,0,0,0,56026,45804,40196,88290.32258,9032.258065,0,225.8064516,0,81516.12903,204806.4516,12870.96774,102,1,62091,0,64644000,9.2,0,0,0,0,0,0,0,0,0,56119.94132,856845.5068,63.48784318,5.940980561,49.66444605,4.926733764,5090502.5
29-05-2017,502.69,5162.79,2435.48,0,2732.15,419.43,4918.45,0.01,33340.27,2091.1,0,0,0,0,0,0,0,0,14023,634,49088,39038.70968,9337.634409,0,15830.10753,0,99468.8172,190707.5269,12582.7957,105.4285714,0,60859,0,64650857.14,9.2,0,0,0,0,0,0,0,0,0,29297.61898,986836.7443,65.70346463,5.930510831,51.31200071,4.835482483,5852446
05-06-2017,451.11,3691.03,2591.29,0,2883.75,455.28,4977.2,0,0,2091.1,0,0.01,0,0,0,0,0,0,31635,0,52800,2100,9566.666667,0,27533.33333,0,112933.3333,180133.3333,12366.66667,108,1,59935,0,64656000,9.2,0,0,518.97,0,0,0.08,0,0,0,15480.19956,979764.2164,65.72405897,6.013738715,52.13700241,4.90965664,5892046
12-06-2017,237.08,9.31,4379.67,0,2725.2,405.03,4593.65,0,0,2091.1,0,0,0,0,0,0,0,0,57181,18649,52376,2100,9566.666667,0,27533.33333,0,112933.3333,180133.3333,12366.66667,108,0,59935,0,64656000,9.2,0,0,1070.4,0,0,191.41,0,0,0,68015.7796,985888.9815,60.64057114,5.997983658,51.15091562,4.913566459,5913346
19-06-2017,159.28,7.15,2159.59,0,1553.17,427.86,4227.63,0,5000,2091.1,0,0,0,0,0,0,0,0,31013,0,62372,2100,9566.666667,0,27533.33333,0,112933.3333,180133.3333,12366.66667,108,0,59935,0,64656000,9.2,0,0,1036.26,0,0,188.67,0,0,0,75680.75689,882691.7671,60.88919062,6.007811784,49.27102114,4.823702177,5303046
26-06-2017,111.18,11583.74,772.81,0,15679.22,4057.8,4610.6,0,0,0,0,0,0,0,0,0,0,0,34981,28013,66442,3370.967742,11994.62366,0,27473.11828,0,97247.31183,276537.6344,58639.78495,106.8571429,0,61430.71429,0,64659714.29,9.2,0,0,1050.8,0,0,185.52,0,0,67777.33,5175.385461,921760.0874,63.75474422,6.041860649,50.37807519,4.795251617,5569146
03-07-2017,0,0,0,0,0,0,4383.95,0,13650,0,0,0,0,0,0,0,0,0,93414,55320,60736,6548.387097,18064.51613,0,27322.58065,0,58032.25806,517548.3871,174322.5806,104,0,65170,0,64669000,9.2,0,0,0,13404.354,0,0.016709034,0,0,61222.62,17417.95689,1017516.209,62.92453325,5.995123171,50.37211135,4.834990956,6100135
10-07-2017,0,0,0,0,0,0,4434.13,0,2500,0,0,0,0,0,0,0,0,0,78512,33774,57838,6548.387097,18064.51613,0,27322.58065,0,58032.25806,517548.3871,174322.5806,104,1,65170,0,64669000,9.2,0,0,513.9078748,6006.834429,0,501.8928568,274.4668775,0,78005.96,17015.66165,926544.7507,62.99155073,6.02370797,50.93179831,4.894821353,5581235
17-07-2017,0,0,0,0,0,0,4228.34,0,0,0,0,0,0,0,0,0,0,0,104528,50811,75935,6548.387097,18064.51613,0,27322.58065,0,58032.25806,517548.3871,174322.5806,104,0,65170,0,64669000,9.2,0,0,3692.128207,4825.348126,0,11870.87845,1210.573259,0,49513.2,12320.57081,890552.8855,62.65050825,5.998110934,49.59426243,4.870853581,5341635
24-07-2017,0,0,0,0,0,0,3995.46,0,0,0,0,0,0,0,0,0,0,0,42057,8250,82916,6548.387097,18064.51613,0,27322.58065,0,58032.25806,517548.3871,174322.5806,104,0,65170,0,64669000,9.2,0,0,13926.54237,6606.656023,0,39637.23804,424.876348,0,34108.7,15218.44773,913956.7521,63.49357175,6.021110941,50.93575284,4.916346647,5503035
31-07-2017,0,0,0,0,0,0,3823.48,0,0,71917.06,0,0,0,0,0,0,0,0,70379,30898,100342,935.483871,11677.41935,0,27322.58065,0,43322.58065,330967.7419,62838.70968,103.1428571,0,64727.71429,0,64683571.43,9.2,0,0,19214.87338,5661.938308,0,20515.27865,932.8630504,0,0,2603.242604,994347.0418,65.14998656,5.976572817,52.43124134,4.930451771,5942787.5
07-08-2017,0,0,0,0,0,0,3876.39,0,0,75929.55,0,0,0,0,0,0,0,0,18070,0,89876,0,10612.90323,0,27322.58065,0,40870.96774,299870.9677,44258.06452,103,0,64654,0,64686000,9.2,0,0,11173.70464,5370.99443,0,20119.48572,1059.758372,0,0,1490.806706,919912.175,64.27818148,6.017626085,51.3387615,4.905706481,5535687.5
14-08-2017,0,0,0,0,0,0,4002.6,0,0,68629.54,0,0,0,0,0,0,0,0,114953,29284,94523,0,10612.90323,0,27322.58065,0,40870.96774,299870.9677,44258.06452,103,1,64654,0,64686000,9.2,0,0,978.665377,5507.261661,0,27455.46709,7.297494527,0,0,1585.39645,895685.4684,63.06755304,5.979763755,50.25000823,4.887978347,5355987.5
21-08-2017,0,0,0,0,0,0,5418.27,0,0,79172.71,0,0,0,0,0,0,0,0,13331,0,76439,0,10612.90323,0,27322.58065,0,40870.96774,299870.9677,44258.06452,103,0,64654,0,64686000,9.2,0,0,0.143901672,8695.277621,0,16869.40613,0.405416363,0,0,20921.61939,880077.9606,62.14790645,5.925369948,49.82962196,4.870300091,5214787.5
28-08-2017,0,0,0,0,0,0,6322.64,0,20590.27,0,0,0,0,0,0,0,0,0,47436,5354,76574,3100,26564.51613,0,27412.90323,0,59154.83871,171354.8387,32190.32258,102.1428571,0,63385,0,64692857.14,9.2,0,0,0.020578114,2420.661838,0,11679.69956,884.2130868,0,0,99617.9812,1044800.228,62.52642125,5.8584367,46.83568872,4.746006251,6120896
04-09-2017,0,0,0,0,1012.699275,0,3331.07,0,8100,2482.84,0,0,0,0,0,0,0,0,52358,33192,71676,7233.333333,47833.33333,0,27533.33333,0,83533.33333,0,16100,101,0,61693,0,64702000,9.2,0,0,0.013670367,0.27019751,0,728.7658884,197.843185,0,0,129224.2609,1015955.935,63.97955985,5.900055106,49.26817178,4.869774969,5994196
11-09-2017,0,0,0,0,2345.91426,0,4361.59,0,0,2482.84,0,0,0,0,0,0,0,0,63588,8809,82400,7233.333333,47833.33333,0,27533.33333,0,83533.33333,0,16100,101,0,61693,0,64702000,9.2,0,0,0,0.069802702,0,627.3988602,0,0,16795.54,33951.43857,862471.2397,61.8230097,6.000891116,48.98124632,4.704603145,5175596
18-09-2017,0,0,4001.707126,0,2420.689968,0.035194744,3813.12,0,0,2482.84,0,0,0,0,0,0,0,0,69505,20398,86014,7233.333333,47833.33333,0,27533.33333,0,83533.33333,0,16100,101,0,61693,0,64702000,9.2,0,0,0,0.036980794,0,1421.664052,0,0,108208.41,19876.7426,809736.9162,61.84909278,6.031583719,49.14980004,4.663978427,4883996
25-09-2017,0,0,2.660986011,0,2656.25764,0.66905047,3439.55,0,0,2482.84,0,0,0,0,0,0,0,0,24510,9114,100296,10361.29032,44064.51613,0,23632.25806,0,87470.96774,0,53896.77419,100.8571429,0,61998.28571,0,64703857.14,9.114285714,0,0,18397.19264,0.021535644,0,1264.436084,11.76358038,0,67625.53,22191.80213,888853.927,65.62326117,6.164900479,54.34502906,4.944803568,5479696
02-10-2017,0,0,587.4120338,0,2869.392139,1901.520798,3739.17,0,34650,2482.84,0,0,0,0,0,0,0,0,41437,0,119382,29129.03226,21451.6129,0,225.8064516,0,111096.7742,0,280677.4194,100,0,63830,0,64715000,8.6,0,0,12313.98297,0.043189028,0,9335.482026,6004.172148,0,70991.69,59887.40927,977455.4716,61.93522368,5.895915637,51.64522152,4.809039737,5762995
09-10-2017,0,0,660.3615408,0,2909.617404,7644.387393,4887.77,0,0,2482.84,0,0,0,0,0,0,0,0,53938,0,102224,29129.03226,21451.6129,0,225.8064516,0,111096.7742,0,280677.4194,100,0,63830,0,64715000,8.6,0,0,10382.91084,0.010125697,0,10129.35864,2216.967963,0,0,112792.8617,885147.6665,59.78115708,5.826366826,50.04975324,4.843443262,5157195
16-10-2017,0,0,638.4004863,0,2782.592945,14182.64799,5494.63,0,5000,8754.92,0,0,0,0,0,0,0,0,42846,0,121321,29129.03226,21451.6129,0,225.8064516,0,111096.7742,0,280677.4194,100,0,63830,0,64715000,8.6,0,0,6067.104117,0.01679117,0,13172.73227,4987.437811,0,18693.57,97061.65927,852393.5526,59.54983951,5.94196775,48.45267215,4.808277547,5064895
23-10-2017,0,0,637.4220502,0,2673.096653,27869.75457,4846.96,0,0,0,0,0,0,0,0,0,0,0,23317,0,121318,29129.03226,21451.6129,0,225.8064516,0,111096.7742,0,280677.4194,100,0,63830,0,64715000,8.6,0,0,2048.556368,0.057761402,0,7966.467666,2490.456403,0,86503.99,26559.75359,837570.4136,61.51335018,6.044858937,49.60300004,4.833310238,5062995
30-10-2017,0,0,1396.650652,0,2897.787942,27169.18782,4656.09,0,9000,804.9,0,0,0,0,0,0,0,0,45558,0,111672,37655.91398,97295.69892,0,231.1827957,0,104741.9355,0,904360.2151,102.1428571,1,61639.28571,0,64723571.43,8.6,0,0,0.253057466,0.007697073,0,8615.743114,4972.302451,0,119387.96,41087.75542,957397.1359,64.27864301,5.952856225,51.76375817,4.830066384,5699247.5
06-11-2017,0,0,747.580879,0,2603.923765,28040.98704,3674.51,0,0,3433.01,0,0,0,0,0,0,0,0,58482,0,94391,41066.66667,127633.3333,0,233.3333333,0,102200,0,1153833.333,103,1,60763,0,64727000,8.6,0,0,0,0.014913203,0,2953.892061,3431.25407,0,123039.61,16920.58876,898386.1866,63.4259306,6.028751979,52.12840156,4.836226455,5416147.5
13-11-2017,0,0,1346.852254,0,2755.747712,15438.39554,4480.59,5.231010661,0,3433.01,0,0,0,0,0,0,0,0,31427,19969,83567,41066.66667,127633.3333,0,233.3333333,0,102200,0,1153833.333,103,0,60763,0,64727000,8.6,0,0,0,37.64646122,0,8664.080733,6480.196381,0,86261.54,3214.182164,822608.0445,60.79664706,6.059322582,47.17031382,4.832734168,4984447.5
20-11-2017,0,0,1893.468219,0,3000.708693,16783.57039,5038.85,12164.0348,0,93531.97,0,0,0,0,0,0,0,0,85366,33855,92143,41066.66667,127633.3333,0,233.3333333,0,102200,0,1153833.333,103,0,60763,0,64727000,8.6,0,0,0,3416.545289,0,8615.558976,3509.348105,0,0,17857.15332,955590.4527,61.17156481,5.890962477,47.83727256,4.807839937,5629347.5
27-11-2017,0,0,2181.541359,0,3405.013276,13407.32717,5350.89,12437.90964,0,126165.33,0,0,0,0,0,0,0,0,24199,1408,92544,52886.02151,96062.36559,0,230.1075269,0,180432.2581,134903.2258,666107.5269,104.2857143,0,60796.42857,0,64730857.14,8.6,0,0,0,11291.16101,0,8365.998776,4699.623108,0,0,23360.15423,880252.919,63.3699851,6.009525087,51.84135626,4.837738056,5289902
04-12-2017,0,7627.137474,1793.463835,0,3774.191774,1067.101904,5174.74,10980.97553,0,117727.2,0,0,0,0,0,0,0,0,93116,44820,81980,68645.16129,53967.74194,0,225.8064516,0,284741.9355,314774.1935,15806.45161,106,0,60841,0,64736000,8.6,0,0,0,5633.485222,0,8862.948604,1550.874064,0,0,14912.71147,922939.5982,64.40621521,6.0077626,52.28272644,4.837957985,5544802
11-12-2017,0,9178.584405,1612.993642,0,3681.565094,19.27798271,5138.27,6436.79042,0,137429.77,0,0,0,0,0,0,0,0,19597,0,84847,68645.16129,53967.74194,0,225.8064516,0,284741.9355,314774.1935,15806.45161,106,0,60841,0,64736000,8.6,0,0,0,7013.818061,0,5552.128866,1485.051401,0,0,3054.16568,842735.7998,63.61620835,6.048873207,50.23525688,4.795375737,5097602
18-12-2017,0,8855.174047,2143.169778,0,4637.773524,0,3824.19,5460.604103,0,2488.15,0,0,0,0,0,0,0,0,53499,0,70816,68645.16129,53967.74194,0,225.8064516,0,284741.9355,314774.1935,15806.45161,106,0,60841,0,64736000,8.6,0,0,0,2607.050712,0,1.052249734,1535.809538,0,0,1143.742604,877473.6354,64.53052115,6.048275169,51.82202314,4.854715883,5307202
25-12-2017,0,9335.518551,1470.712654,0,5467.082289,0.175043463,3596.8,8203.457329,0,0,0,0,0,0,0,0,0,0,21055,0,79513,68645.16129,53967.74194,0,225.8064516,0,284741.9355,314774.1935,15806.45161,106,1,60841,0,64736000,8.6,0,0,0,0.194285004,0,0.724049314,1867.265051,0,0,71.24260355,886822.4843,64.20617305,6.035821255,52.7243287,4.846750408,5352702
01-01-2018,0,2.706345983,1605.94226,0,35.42062967,0.470406521,3697.36,24.98717944,0,0,0,0,0,0,0,0,0,0,73251,21881,59817,1129.032258,1354.83871,0,225.8064516,0,2935.483871,4741.935484,9709.677419,105,1,59752,0,64738000,8.9,0,0,0,0.05100171,0,1.003986906,2723.132196,0,0,34383.40219,1052507.953,60.87498058,5.858739576,47.70161719,4.739753969,6166370
08-01-2018,0,0.449623074,1757.861781,0,18.51398903,0.813621316,3664.51,0,0,2009.55,0,0,0,0,0,0,0,0,62352,0,64658,1129.032258,1354.83871,0,225.8064516,0,2935.483871,4741.935484,9709.677419,105,0,59752,0,64738000,8.9,0,0,0,0.0365141,0,1.03058832,2053.1232,0,89771.15,37820.91746,931238.0305,60.44434943,6.020018316,45.97866643,4.787701307,5606070
15-01-2018,518.4195355,0.161744002,2074.968901,0,15.67222601,32.09603523,3648.98,0,0,2009.55,0,0,0,0,0,0,0,0,52555,0,59864,1129.032258,1354.83871,0,225.8064516,0,2935.483871,4741.935484,9709.677419,105,0,59752,0,64738000,8.9,0,0,0,0.034449189,0,0.582803063,1.160408205,0,82893.99,109740.5509,940654.282,60.10372571,5.979848397,53.2078223,4.770752433,5624970
22-01-2018,549.8602634,0.078410514,2305.065515,0,11.62004155,21.17276554,3604.67,0,0,2009.55,0,0,0,0,0,0,0,0,52319,30962,58028,1129.032258,1354.83871,0,225.8064516,0,2935.483871,4741.935484,9709.677419,105,0,59752,0,64738000,8.9,0,0,0,0.022819977,0,0.337100405,1.516070346,0,85367.71,67119.57894,839519.7652,61.73372327,6.026028462,51.3111439,4.682635845,5058970
29-01-2018,630.2526537,0.117794,2082.771271,0,9.735710489,21.16479769,3778.95,0.009990786,0,2009.55,0,0,0,0,0,0,0,0,49411,0,60627,2483.870968,1866.359447,0,239.6313364,0,10972.35023,246746.5438,12304.14747,102.7142857,0,55741.14286,0,64736857.14,8.9,0,0,0,0.060508311,0,0.628461107,0,0,77299.43,44955.17692,880675.4078,62.08372363,5.92767205,51.43557081,4.823890051,5220355
05-02-2018,725.3925783,0.023782427,4189.927821,0,5.33893801,12403.5719,3945.95,0,0,2009.55,0,0,0,0,0,0,0,0,58662,0,82847,3500,2250,0,250,0,17000,428250,14250,101,0,52733,0,64736000,8.9,0,0,0,0.001728809,0,0.631303882,0.405416363,7803,23684.48,20871.6044,887427.9177,62.21317938,5.938572469,51.31429141,4.854189349,5270055
12-02-2018,610.9088517,0.011751434,7789.973841,0,1.240954288,27664.3967,3823.71,0,0,1709.25,0,0,0,0,0,0,0,0,54372,0,84730,3500,2250,0,250,0,17000,428250,14250,101,0,52733,0,64736000,8.9,0,0,0,0.0051248,0,0.48553353,0,0,0,14897.3965,803864.8855,61.22420759,5.993488566,49.99606548,4.822206441,4817955
19-02-2018,753.1957691,0,7263.956014,0,0.314055177,20231.0495,3857.62,0,0,1709.25,0,0,0,0,0,0,0,0,54564,31739,82162,3500,2250,0,250,0,17000,428250,14250,101,0,52733,0,64736000,8.9,0,0,0,0,0,0.306955139,0,0,0,138581.631,876698.2775,59.94329893,5.761908207,49.68481251,4.803304664,5051455
26-02-2018,672.9443686,0,3499.89314,0,2.497174996,20268.93259,3648,0,0,1742.43,0,0,0,0,0,0,0,0,17417,0,87079,2016.129032,13480.41475,0,236.1751152,0,28447.00461,407793.7788,181720.0461,100.4285714,0,54823.28571,0,64734857.14,8.9,0,0,0,0,0,0.248136092,0,0,0,16446.83613,900307.4287,62.99219326,5.944649382,52.56595437,4.831068807,5352012
05-03-2018,675.8487587,0,2315.24147,0,0,12133.44933,3576.4,0,0,1792.2,0,0,0,0,0,0,0,0,106946,0,82872,903.2258065,21903.22581,0,225.8064516,0,37032.25806,392451.6129,307322.5806,100,0,56391,0,64734000,8.9,0,0,0,0.001728809,0,0.277049136,0,0,0,71362.07702,1194838.059,62.7374369,5.717772338,50.80995932,4.74517774,6831812
12-03-2018,666.9945985,0.004180684,0,0,0.942165531,0,3727.26,0,0,2010.2,0,0,0,0,0,0,0,0,17506,0,103819,903.2258065,21903.22581,0,225.8064516,0,37032.25806,392451.6129,307322.5806,100,0,56391,0,64734000,8.9,0,0,0,0,0,0.249384887,3.121902735,0,0,33087.82857,844801.637,61.08191856,5.975618156,48.42845279,4.782097684,5048212
19-03-2018,661.3268081,0.003386162,0,0,0.314055177,10000,3843.83,0,0,2010.2,0,0,0,0,0,0,0,0,88264,33994,80296,903.2258065,21903.22581,0,225.8064516,0,37032.25806,392451.6129,307322.5806,100,0,56391,0,64734000,8.9,0,0,2385.770909,0,0,1676.601297,4444.544733,0,0,88.21428571,790387.9658,61.37284247,6.105877378,46.23955904,4.740585745,4826012
26-03-2018,666.3460454,0,0,0,0.628110354,0,4003.79,0,0,2010.2,0,0,0,0,0,0,0,0,23221,0,66507,774.1935484,25074.19355,0,226.8817204,0,33608.60215,369320.4301,265219.3548,100.1428571,0,56244.28571,0,64733142.86,8.885714286,0,0,4654.972863,0,0,2697.085272,2754.857102,0,0,123.5,874988.7238,63.18483609,6.010148311,48.69866535,4.800652768,5258812
02-04-2018,605.1846653,0.013081395,0,0,0,2.113482587,3872.31,8623.148984,0,2010.2,0,0,0,0,0,0,0,0,57644,0,62516,0,44100,0,233.3333333,0,13066.66667,230533.3333,12600,101,1,55364,0,64728000,8.8,0,0,5161.370703,0.001743845,0,3726.382618,3764.638604,0,0,6333.571429,931176.2977,63.20388425,5.908029998,50.81047977,4.838699918,5501417.5
09-04-2018,296.7835524,0,0,0,0,4962.607574,3762.84,11927.07768,0,1574.25,0,0,0,0,0,0,0,0,66904,0,70247,0,44100,0,233.3333333,0,13066.66667,230533.3333,12600,101,0,55364,0,64728000,8.8,0,0,5140.328748,0,0,20476.12424,3527.245521,0,0,84376.21429,944407.051,61.64983609,5.839873277,45.39177228,4.752937568,5515217.5
16-04-2018,287.7038086,0,0,0,0,7092.239331,3722.89,10934.08793,0,1574.25,0,0,0,0,0,0,0,0,57929,0,90138,0,44100,0,233.3333333,0,13066.66667,230533.3333,12600,101,0,55364,0,64728000,8.8,0,0,5012.231877,0,0,9886.283791,12069.95914,0,0,85415.75,806430.5899,60.19632477,5.998554073,44.75659374,4.773301226,4837417.5
23-04-2018,1187.416189,0,0,0,1.555009465,8619.226691,3957.05,9819.84389,0,1574.25,0,0,0,0,0,0,0,0,70498,46878,90197,0,44100,0,233.3333333,0,13066.66667,230533.3333,12600,101,0,55364,0,64728000,8.8,0,0,5555.147179,0,0,17714.32717,17246.75287,0,0,33627.67857,888380.1912,64.31768107,5.993287055,50.37936121,4.860539498,5324317.5
30-04-2018,676.0179464,0.001441105,0,0,0,12970.8143,3774.9,10161.9731,0,1574.25,0,0,0,0,0,0,0,0,60193,0,77373,0,8041.935484,0,226.8817204,0,61286.02151,37384.94624,13219.35484,99.28571429,1,60393.71429,0,64730571.43,8.8,0,0,4338.389742,0,0,13612.86003,46087.49155,0,0,14578.35989,965918.6733,61.42812161,5.88879805,48.38221753,4.754725472,5688100
07-05-2018,676.4127179,0,0,0,0,39671.98293,3773.71,9721.694241,0,1840.7,0,0,0,0,0,0,0,0,65388,0,107639,0,2032.258065,0,225.8064516,0,69322.58065,5193.548387,13322.58065,99,2,61232,0,64731000,8.8,0,0,6179.559718,0,0,44014.72446,25721.67194,0,0,27462.57308,884229.9043,61.58812768,5.949923175,48.0785456,4.805311004,5261100
14-05-2018,659.2119609,0.001693081,0,0,0,34084.54934,3716.54,11970.96738,0,1840.7,0,0,0,0,0,0,0,0,57229,0,108623,0,2032.258065,0,225.8064516,0,69322.58065,5193.548387,13322.58065,99,0,61232,0,64731000,8.8,0,0,5247.326069,0,0,46939.86624,12469.08409,0,0,27647.47418,844345.5467,60.56530705,5.953723591,45.99653398,4.818511064,5027000
21-05-2018,618.7760831,0,0,0,0,27384.98415,3841.16,6721.904121,0,64774.8,0,0,0,0,0,0,0,0,80450,60765,66988,0,2032.258065,0,225.8064516,0,69322.58065,5193.548387,13322.58065,99,0,61232,0,64731000,8.8,0,0,4111.956441,0,0,19914.33547,16189.84182,0,0,9661.66635,838080.3682,60.25320413,5.948474859,47.30772875,4.831628904,4985300
28-05-2018,727.845801,0,27.45471878,0,0,1711.048511,4004.11,2.230610172,0,279510.37,0,0,0,0,0,0,0,0,927,0,33753,0,6361.290323,0,229.0322581,0,63112.90323,4567.741935,11812.90323,97.71428571,0,60829.14286,0,64735714.29,8.8,0,0,912.8447131,0,0,11787.23245,15612.20738,0,0,31537.57459,964255.3389,60.95486191,5.940113338,50.55181241,4.749629606,5727786
04-06-2018,6285.925226,0,987.767897,0,0.314055177,11998.43387,3905.49,3526.027519,0,67931.39,0,75.17559778,0,785.8243451,0,0,0,0,46077,0,59259,0,12133.33333,0,233.3333333,0,54833.33333,3733.333333,9800,96,0,60292,0,64742000,8.8,0,0,0.049767277,0,0,9754.460568,5990.693604,0,0,43568.85701,998056.3317,61.12433327,5.920293086,51.58564106,4.81460943,5908786
11-06-2018,7370.922185,0,5909.649536,0,0,10957.7788,3632.81,3873.460448,0,53434.81,0,265.023366,0,714.1756549,0,0,0,0,96558,49169,56664,0,12133.33333,0,233.3333333,0,54833.33333,3733.333333,9800,96,0,60292,0,64742000,8.8,0,0,0.014755518,0,0,9449.953033,6163.939734,0,0,5098.00536,852297.772,58.52006709,6.085063425,48.46758087,4.796902358,5186286
18-06-2018,5159.727447,0,7141.396256,0,0,13448.53373,2574.6,3076.239911,0,118993.73,0,159.786932,0,0,0,0,0,0,94424,50744,61380,0,12133.33333,0,233.3333333,0,54833.33333,3733.333333,9800,96,1,60292,0,64742000,8.8,0,0,0.021759293,0,0,10369.33606,5976.173569,0,0,18529.18565,882931.2682,58.23506972,5.985614272,48.17544225,4.782307167,5284886
25-06-2018,5273.634215,0,10633.30601,0,0,13993.39452,1595.09,2388.145609,0,78353.36,0,0,0,0,0,0,0,0,55094,44712,50102,225.8064516,11335.48387,0,2425.806452,0,60451.6129,3200,33400,96,0,60939.28571,0,64743857.14,8.785714286,0,0,0,0.007909453,0,7789.888732,5864.69693,0,0,10921.41863,878202.7247,59.56129973,5.987667599,49.63766014,4.755595479,5258386
02-07-2018,7132.227755,0,8340.63964,0,0,15265.90234,3444.72,1995.276512,0,62661.7,0,0,0,0,0,0,0,0,45810,0,38851,1580.645161,6548.387097,0,15580.64516,0,94161.29032,0,175000,96,0,64823,0,64755000,8.7,0,0,0,0,0,0.191590893,2.132332597,0,0,53430.41534,1018688.518,60.25754593,5.906569962,50.61726384,4.787599237,6016955
09-07-2018,13712.18798,0.004180684,8178.106532,0,0.314055177,16187.22581,2584.81,2374.081608,0,17653.23,0,0,0,0,0,0,0,0,62223,0,54247,1580.645161,6548.387097,0,15580.64516,0,94161.29032,0,175000,96,1,64823,0,64755000,8.7,0,0,0.007377759,0,0,0.116117816,13.06620209,0,0,53865.71021,883409.2646,60.33987919,5.981774487,48.31400502,4.861970796,5284355
16-07-2018,21575.17069,0.002487603,904.238024,0,0.314055177,16711.31114,3925.25,2727.634982,0,41250.38,0,0.01410424,0,0,0,0,0,0,85956,55626,67863,1580.645161,6548.387097,0,15580.64516,0,94161.29032,0,175000,96,0,64823,0,64755000,8.7,0,0,0.007377759,0,0,0.168884502,0.0048732,0,0,328.4089252,862982.4968,60.26550623,6.01038262,48.84800252,4.889482282,5186855
23-07-2018,19246.78923,0,873.5462345,0,0.298788756,17365.55388,3770.8,2281.233152,0,32962.94,0,0,0,0,0,0,0,0,9558,0,73865,1580.645161,6548.387097,0,15580.64516,0,94161.29032,0,175000,96,0,64823,0,64755000,8.7,0,0,0,0,0,0.125752942,0,0,0,667.7935406,861101.8185,60.39624312,6.015264268,49.52740264,4.83220321,5179755
30-07-2018,16712.9545,0.001693081,908.3153654,0,0,17590.29348,3702.9,2580.093187,0,16475.56,0,0,0,0,0,0,0,0,62003,0,75704,6258.064516,2193.548387,1129.032258,4612.903226,2096.774194,32225.80645,216129.0323,90645.16129,96,0,64135.14286,0,64765000,8.7,0,0,0,0,0,0.024530514,0.001622244,0,0,16340.29833,950984.2701,59.15017879,6.004944224,51.44424585,4.840768272,5710607.5
06-08-2018,15317.69789,0,811.2011439,0,0.314055177,18487.79776,3571.61,2208.438922,0,8142.05,0,0,0,0,0,0,0,0,125754,57438,67260,8129.032258,451.6129032,1580.645161,225.8064516,2935.483871,7451.612903,302580.6452,56903.22581,96,0,63860,0,64769000,8.7,0,0,0,0,0,27.62704211,0,0,0,6976.273867,934640.3561,61.70056442,5.993650353,51.67556572,4.876779919,5601907.5
13-08-2018,13342.58686,0.002487603,709.00442,0,0,19409.8532,3595.45,10503.33499,0,0,0,0,0,0,0,0,0,0,65385,0,59376,8129.032258,451.6129032,1580.645161,225.8064516,2935.483871,7451.612903,302580.6452,56903.22581,96,1,63860,0,64769000,8.7,0,0,0,0,0,0.172485604,0,0,0,34755.90024,878747.0392,60.63269024,5.993087049,49.83908089,4.849808468,5266407.5
20-08-2018,11379.18664,0,575.3584377,0,0,17705.99804,3621.46,12466.04455,0,0,0,0,0,0,0,0,0,0,21838,0,52505,8129.032258,451.6129032,1580.645161,225.8064516,2935.483871,7451.612903,302580.6452,56903.22581,96,0,63860,0,64769000,8.7,0,0,0,0,0,0.145294751,0,0,0,36234.85628,871373.9283,58.41318237,5.956119792,48.39632062,4.804472332,5190007.5
27-08-2018,596.353661,0,0.010521212,0,0.597577513,0.661638505,3500.43,0.260444475,0,0,0,0,0,0,0,0,0,0,9242,0,51014,6006.451613,3855.913978,1129.032258,227.9569892,2096.774194,21655.91398,228529.0323,45445.16129,95.14285714,0,63281.14286,0,64773285.71,8.7,0,0,0,0,0,0.01478916,1.713753213,0,0,12641.17497,949891.9566,59.61085187,5.977926185,48.37760734,4.821187578,5678384
03-09-2018,503.5892429,0,0.005260606,0,2123.765175,0,3292.12,0,0,1889.1,0,0,0,0,0,0,0,0,63382,0,62000,700,12366.66667,0,233.3333333,0,57166.66667,43400,16800,93,0,61834,0,64784000,8.7,0,0,0,0,0,0.025899485,0.003990032,0,0,11748.96617,929877.0544,60.04293691,6.022822021,49.09341826,4.874975537,5600484
10-09-2018,600.4836073,0,0,0,12477.0587,0,3541.58,0,0,1889.1,0,0,0,0,0,0,0,0,69754,0,75952,700,12366.66667,0,233.3333333,0,57166.66667,43400,16800,93,0,61834,0,64784000,8.7,0,0,0,0,0,0.068424414,0,0,0,17426.99365,823158.505,58.04804438,6.006235701,49.02369432,4.840715676,4944084
17-09-2018,416.6986115,0.001441105,0,0,13323.09371,0.068316911,3545.32,0.130222237,0,1889.1,0,0,0,0,0,0,0,0,40097,0,75545,700,12366.66667,0,233.3333333,0,57166.66667,43400,16800,93,0,61834,0,64784000,8.7,0,0,0,0,0,0.01478916,0,0,0,17644.01563,797069.9491,57.71447661,6.024043442,48.48868722,4.804184987,4801584
24-09-2018,7.021292595,0,0,0,2076.082415,0.059161796,1865.1,0,0,2179.75,0,0,0,0,0,0,0,0,67682,48718,55008,700,12366.66667,0,233.3333333,0,57166.66667,43400,16800,93,0,61834,0,64784000,8.7,0,0,0,0,0,0.01478916,0,0,0,21801.51563,883938.5785,60.518042,6.080721139,53.63951305,4.833001786,5374984
01-10-2018,0,0,0,0,0,0,0,0,0,2179.75,0,0,0,0,0,0,0,0,63606,0,46252,0,27774.19355,0,225.8064516,0,77451.6129,6774.193548,299193.5484,94,0,63588,0,64798000,8.4,0,0,0,0,0,0,3750.439995,0,0,69994.8258,974852.4149,57.22457688,5.93314425,51.02402273,4.797069391,5783940
08-10-2018,0,0,0,0,0,0,0,0,0,2179.75,0,0,0,0,0,0,0,0,73876,0,47242,0,27774.19355,0,225.8064516,0,77451.6129,6774.193548,299193.5484,94,0,63588,0,64798000,8.4,0,0,0,0,0,0,3112.02,8223.75,0,8532.21774,828716.7167,57.67634078,6.038661824,48.58965715,4.800454561,5004340
15-10-2018,0,0,0,0,0,0,0,0,0,2179.75,0,0,0,0,0,0,0,0,106525,63753,51077,0,27774.19355,0,225.8064516,0,77451.6129,6774.193548,299193.5484,94,0,63588,0,64798000,8.4,0,0,0,0,0,11459.64743,2305.180005,0,0,108538.5389,871109.1395,56.21349186,5.909293987,46.68203073,4.719649071,5147640
22-10-2018,0,0,0,0,0,0,0,0,0,1622.7,0,0,0,0,0,0,0,0,18333,0,54615,0,27774.19355,0,225.8064516,0,77451.6129,6774.193548,299193.5484,94,0,63588,0,64798000,8.4,0,0,0,0,0,19672.45924,2333.47,0,0,16653.72484,813214.2833,57.18862364,6.142710602,47.87210571,4.829447813,4995340
29-10-2018,0,0,0,0,0,0,0,0,0,1622.7,0,0,0,0,0,0,0,0,66616,0,45468,0,19503.22581,0,96.77419355,8000,61460.21505,6903.225806,147959.1398,92.28571429,1,61501.71429,0,64804285.71,8.4,0,0,0,0,0,22217.91383,2337.729999,0,0,38741.29279,897215.2836,61.12475787,6.042922584,52.00438411,4.785111592,5421802.5
05-11-2018,0,0,0,0,0,17561.54278,0,4491.790004,0,2155.5,0,0,0,0,0,0,0,0,32406,16466,55794,0,13300,0,0,14000,49466.66667,7000,34533.33333,91,1,59937,0,64809000,8.4,0,0,0,0,0,20242.74906,2470.189997,0,0,17819.56087,930903.5004,60.60849315,6.017167727,50.97766723,4.748588772,5601402.5
12-11-2018,0,0,0,0,0,39897.12347,0,5966.399998,0,2155.5,0,0,0,0,0,0,0,0,104064,3167,55789,0,13300,0,0,14000,49466.66667,7000,34533.33333,91,0,59937,0,64809000,8.4,0,0,0,0,0,16743.84488,2843.48,0,0,3946.843356,774217.8801,58.69858249,6.152147377,47.17565383,4.832526914,4763102.5
19-11-2018,0,0,0,0,0,67066.04256,0,43210.23001,0,2155.5,0,0,0,0,0,0,0,0,76828,55820,46613,0,13300,0,0,14000,49466.66667,7000,34533.33333,91,0,59937,0,64809000,8.4,0,0,0,0,0,16925.02243,10272.15,0,0,1747.486213,823991.4925,58.97348814,6.064507396,48.23700747,4.803737818,4997102.5
26-11-2018,0,0,0,0,0,22260.45878,0,17231.57,0,2155.5,0,0,0,0,0,0,0,0,95667,58909,51721,387.0967742,9629.032258,0,0,16129.03226,42752.68817,6354.83871,27311.82796,90.14285714,0,59935.28571,0,64811285.71,8.4,0,0,0,0,0,10559.50149,13608.58,0,0,1731.567661,989009.0787,61.23984589,5.850227389,49.46916881,4.737801842,5785928
03-12-2018,0,0,0,0,0,17650.31219,0,0,0,2155.5,0,0,0,0,0,0,0,0,74039,0,47156,1354.83871,451.6129032,0,0,21451.6129,25967.74194,4741.935484,9258.064516,88,0,59931,0,64817000,8.4,0,0,0,0,0,0,0,0,0,2058.669471,952571.0762,63.2432018,6.008085006,51.14562569,4.772125537,5723128
10-12-2018,0,0,0,0,0,9452.199312,0,0,0,2155.5,0,0,0,0,0,0,0,0,106697,59127,45314,1354.83871,451.6129032,0,0,21451.6129,25967.74194,4741.935484,9258.064516,88,0,59931,0,64817000,8.4,0,0,0,0,0,0,0,0,0,635.515625,827325.6788,59.53759252,6.05194318,49.08531133,4.790273521,5006928
17-12-2018,0,0,0,0,0,0.008472,0,1.044,0,2155.5,0,0,0,0,0,0,0,0,134011,64453,53177,1354.83871,451.6129032,0,0,21451.6129,25967.74194,4741.935484,9258.064516,88,0,59931,0,64817000,8.4,0,0,0,0.46,0,0,0,0,0,621.4611306,854847.9965,60.95300331,6.102521175,51.26017515,4.825251631,5216728
24-12-2018,0,0,0,0,0,0,0,0,0,0,0,0,0,0,0,0,0,0,23256,0,45769,1354.83871,451.6129032,0,0,21451.6129,25967.74194,4741.935484,9258.064516,88,1,59931,0,64817000,8.4,0,0,0,0,0,0,0,0,0,8232.370222,821320.247,59.18092663,6.120423816,49.8562236,4.816525835,5026828
31-12-2018,0.168,0,0,0,0,0.154,0,0,0,0,0,0,0,0,0,0,0,0,145363,69584,56877,193.5483871,33741.93548,0,0,3064.516129,5064.516129,81774.19355,100806.4516,91.42857143,1,59904.42857,0,64821285.71,8.4,0,0,0,0,0,0,0,0,0,52213.81771,1040044.646,58.79018545,5.967964953,48.3537415,4.63826598,6206950
07-01-2019,2189.712,0,0,0,0,12219.51509,0,0,0,75965.64,0,0,0,0,0,0,0,0,118534,0,52034,0,39290.32258,0,0,0,1580.645161,94612.90323,116064.5161,92,0,59900,0,64822000,8.4,0,0,0,0,0.102,0.012,0,0,0,88210.29855,963407.3584,56.07111401,5.979142623,46.43398093,4.652693259,5760350
14-01-2019,2390.85,0,0,0,0,12131.08505,0,0,0,104275.67,0,0,0,0,0,0,0,0,187011,74060,59617,0,39290.32258,0,0,0,1580.645161,94612.90323,116064.5161,92,0,59900,0,64822000,8.4,0,0,33795.44176,0,1617.55,34360.95446,1584.08,0,0,56652.12163,879328.6992,56.38310462,6.045691452,51.65775731,4.755312857,5316150
21-01-2019,2412.942,0,0,0,0,7440.892098,0,0,0,86744.57,0,0,0,0,0,0,0,0,32874,0,49595,0,39290.32258,0,0,0,1580.645161,94612.90323,116064.5161,92,0,59900,0,64822000,8.4,0,0,1706.04,0,1916.682,19236.37874,1870.099998,0,0,39116.53115,776902.4643,57.86631053,6.114345389,49.83451894,4.747337819,4750250
28-01-2019,2402.288,0,0,0,0,11492.2386,0,0,0,2354.35,0,0,0,0,0,0,0,0,77411,59534,58430,0,42594.47005,0,0,0,2188.940092,139457.3733,127286.8664,93.28571429,0,56471.42857,0,64820714.29,8.4,0,0,1769.112,0,2018.563,33390.99065,1918.43,0,0,24226.57108,833313.2128,58.55986399,6.089574031,50.81332747,4.772141682,5074522.5
04-02-2019,2397.766,0,0,0,0,10618.14732,905.25,0,0,88433.23,0,0,0,0,227.99,0,0,0,125778,0,66550,0,47000,0,0,0,3000,199250,142250,95,0,51900,0,64819000,8.4,0,0,2662.188,0,1597.388,35133.3713,1504.710005,0,0,4081.199648,862093.352,59.04446408,6.105049398,49.71843748,4.816136624,5263122.5
11-02-2019,2400.874,0,0,0,0,11293.14891,786.56,0,0,1979.8,0,0,0,0,194.94,0,0,0,84833,0,77780,0,47000,0,0,0,3000,199250,142250,95,0,51900,0,64819000,8.4,0,0,1467.204,0,842.537,25239.37484,991.700003,0,0,191.1472669,759727.2286,58.02192245,6.216866162,48.7982976,4.81734392,4723122.5
18-02-2019,2363.242,0,0,0,0,12339.79502,728.24,0,0,113033.23,0,0,0,0,184.75,0,0,0,121484,0,74493,0,47000,0,0,0,3000,199250,142250,95,0,51900,0,64819000,8.4,0,0,1358.916,0,805.511,23100.78648,1212.490004,0,0,7638.938476,763380.1525,57.99891317,6.216460416,48.90797686,4.752748414,4745522.5
25-02-2019,2429.098,0,0,0,0,4179.158346,712.65,0,0,1979.8,0,0,0,0,216.38,0,0,0,23252,0,59754,0,26857.14286,0,0,0,11391.70507,116082.9493,104995.3917,95.42857143,0,53914.28571,0,64816428.57,8.4,0,0,3567.132,0,1014.39,23024.58071,1201.609992,0,0,24964.05249,917346.2188,57.2212007,6.090551076,52.99737453,4.758899151,5587144
04-03-2019,2401.378,0,0,0,0,5156.84029,774.76,0,0,1979.8,0,0,0,0,183.2,0,0,0,152816,0,70244,0,0,0,0,0,22580.64516,5193.548387,55322.58065,96,0,56600,0,64813000,8.4,0,0,3298.788,0,1276.853,23459.91729,1196.920001,0,0,45725.97643,1124686.393,60.79903882,5.889769845,53.39346652,4.671786256,6624144
11-03-2019,2396.73,0,0,0,0,5255.415959,2549.18,0,0,2193.85,0,0,0,0,1223.64,0,0,0,92015,0,78587,0,0,0,0,0,22580.64516,5193.548387,55322.58065,96,0,56600,0,64813000,8.4,0,0,1951.812,0,1344.02,22509.58715,1208.919993,0,0,12330.77491,787799.6489,57.88819011,6.182338374,49.63094158,4.758253442,4870444
18-03-2019,2966.922,0,0,0,0,3871.057006,6014.33,0,0,2193.85,0,0,0,0,2559.44,0,0,0,244446,101147,74265,0,0,0,0,0,22580.64516,5193.548387,55322.58065,96,0,56600,0,64813000,8.4,0,0,2008.8,0,1408.467,21203.85633,1190.990002,0,0,13948.67962,783918.0076,55.88258636,6.171875059,47.11662913,4.698246759,4838244
25-03-2019,3398.178,0,0,0,0,2633.663897,7283.37,0,0,2193.85,0,0,0,0,1989.23,0,0,0,26713,0,67593,0,0,0,0,0,22580.64516,5193.548387,55322.58065,96,0,56600,0,64813000,8.4,0,0,1976.508,0.08,1123.003,21120.29149,1190.619996,0,0,3123.961675,792370.1938,56.78164691,6.15790957,46.84897041,4.788963681,4879344
01-04-2019,3173.072,0,0,0,0,2965.625472,9079.29,0,0,2193.85,0,0,0,0,1019.48,0,0,0,94495,0,85728,0,45966.66667,0,0,10033.33333,12133.33333,5366.666667,143033.3333,97,0,55700,0,64814000,8.2,0,0,1970.436,1861.14,928.523,20103.93429,1156.819995,0,0,30183.50441,893509.7572,55.69920291,6.080468015,48.89631816,4.856624674,5432957.5
08-04-2019,3351.628,0,0,0,0,2501.503556,8144.19,0,0,1872.8,0,0,0,0,1217.77,0,0,0,338027,228146,88570,0,45966.66667,0,0,10033.33333,12133.33333,5366.666667,143033.3333,97,0,55700,0,64814000,8.2,0,0,1938.876,2859.66,1222.759,18709.99146,1166.649994,0,0,51.50440973,771019.3604,55.52553785,6.214315419,49.51018205,4.875521307,4791357.5
15-04-2019,3344.18,0,0,0,0,2594.22531,5640.81,0,0,1872.8,0,0,0,0,936.07,0,0,0,228483,0,86941,0,45966.66667,0,0,10033.33333,12133.33333,5366.666667,143033.3333,97,0,55700,0,64814000,8.2,0,0,1920.684,2980.86,1175.397,17466.20619,1173.309997,0,0,51.50440973,750728.9484,56.60131231,6.098016481,48.86105807,4.882021749,4577957.5
22-04-2019,3361.61,0,0,0,0,3832.90459,3429.06,1484.370002,0,1872.8,0,0,0,0,801.97,0,0,0,33982,0,86423,0,45966.66667,0,0,10033.33333,12133.33333,5366.666667,143033.3333,97,1,55700,0,64814000,8.2,0,0,1625.988,2332.26,1548.615,17174.61283,1174.54,0,0,58316.74317,867677.8301,56.94973086,5.898453692,49.41766778,4.750376758,5117957.5
29-04-2019,112165.6383,0,0,0,0,86375.66468,2223.58,3271.330001,0,1872.8,0,0,0,0,750.73,0,0,0,104454,0,93273,0,33133.33333,0,0,18673.11828,48627.95699,14113.97849,845705.3763,98.42857143,1,58842.85714,0,64817571.43,8.2,0,0,0.108,0.32,240.38,3649.496162,258.110003,0,0,39809.84449,832760.7391,56.81165994,5.908047497,48.85620915,4.791662399,4919990
06-05-2019,3330.558,0,0,0,0,4685.296255,5472.896126,3256.130003,0,1872.8,0,0,0,0,774.42,0,0,0,140438,0,82330,0,28000,0,0,22129.03226,63225.80645,17612.90323,1126774.194,99,1,60100,0,64819000,8.2,0,0,0,0,0,0.024,0,0,0,4428.508897,794469.5797,57.91444981,5.879633556,49.61242008,4.882351857,4671190
13-05-2019,3324.566,0,0,0,0,5007.603876,6091.07,3285.839994,0,2247.35,0,0,0,0,666.02,0,0,0,189633,0,86686,0,28000,0,0,22129.03226,63225.80645,17612.90323,1126774.194,99,0,60100,0,64819000,8.2,0,0,0,0,0,0,0,0,0,2174.921076,743859.0949,56.65776475,5.909976809,47.90663893,4.812553662,4396190
20-05-2019,3285.548,0,0,0,0,5192.229652,5862.38,3248,0,2247.35,0,0,0,0,502.76,0,0,0,266577,162398,80224,0,28000,0,0,22129.03226,63225.80645,17612.90323,1126774.194,99,0,60100,0,64819000,8.2,0,0,0,0,0,0,0,0,0,4589.127487,742814.2535,54.63271723,6.041469962,48.04655973,4.815452408,4487690
27-05-2019,3321.248,0,0,0,0,5700.075638,6175.1,7897.490001,0,2247.35,0,0,0,0,459.66,0,0,0,36251,0,74146,0,25866.66667,0,0,21273.11828,83227.95699,26647.31183,1180772.043,99.57142857,1,60014.28571,0,64821285.71,8.2,0,0,0,0,0,0,0,0,0,3479.37419,809444.3221,55.68670166,6.08379337,51.65999653,4.830502415,4924492
03-06-2019,2698.318,0,0,0,0,6358.307533,6195.96,10979.53,0,2140.35,0,0,0,0,475.64,0,19420,0,113138,0,84718,0,20533.33333,0,0,19133.33333,133233.3333,49233.33333,1315766.667,101,0,59800,0,64827000,8.2,0,0,0,0,0,12086.12364,0,0,0,55366.72877,935595.9633,56.24473413,6.035075205,52.41319933,4.859465965,5646392
10-06-2019,1874.474,0,0,0,0,6355.332974,6035.54,12236.16,0,2140.35,0,0,0,0,526,0,0,0,211990,0,91570,0,20533.33333,0,0,19133.33333,133233.3333,49233.33333,1315766.667,101,1,59800,0,64827000,8.2,0,0,0,0,0,12229.28239,7352.240004,0,0,53923.90807,810715.3721,54.77744995,6.147400396,50.72152514,4.88698724,4983792
17-06-2019,1835.092,0,0,0,0,5955.120786,5609.259688,11946.76,0,2140.35,0,0,0,0,429.56,0,10000,0,203075,0,77642,0,20533.33333,0,0,19133.33333,133233.3333,49233.33333,1315766.667,101,0,59800,0,64827000,8.2,0,0,0,193.632,0,12116.6333,7959.100005,0,0,31044.89617,789279.238,53.79287017,6.186266869,49.71256476,4.872136097,4882692
24-06-2019,1762.012,0,0,0,0,3946.331259,5263.96,7612.390002,0,2140.35,0,0,0,0.27,375.43,0,7400,0,102216,62843,89829,0,20533.33333,0,0,19133.33333,133233.3333,49233.33333,1315766.667,101,0,59800,0,64827000,8.2,0,0,0,1290.216,0,11003.96673,1382.480006,0,0,6683.453311,782733.3789,54.57604715,6.238640298,48.27089266,4.877668509,4883192
01-07-2019,1647.478,0,0,0,0,3102.723346,5629.204285,5583.49,0,0,2432.46,0,0,13616.23327,467.13,0,43993,0,302369,229184,78191,0,451.6129032,0,0,14451.6129,41548.3871,0,97096.77419,102,0,64600,0,64839000,8.2,0,0,0,8085.348,0,8534.083972,5150.799996,0,0,42911.86271,897329.8271,56.10677377,6.15740426,50.52301133,4.907857737,5525222.5
08-07-2019,1854.482,0,0,0,0,3082.928962,5732.68,4910.42,0,0,4702.98,0,0,4520.008172,506.59,0,0,16,126943,10734,83207,0,451.6129032,0,0,14451.6129,41548.3871,0,97096.77419,102,1,64600,0,64839000,8.2,0,0,0,9038.832,0,7383.295481,6045.01,0,0,41651.1357,847388.5459,54.95035517,6.204854344,49.79811291,4.917778364,5257922.5
15-07-2019,1863.19,0,0,0,0,2970.018351,6131.53,10368.54001,0,0,4546.008,0,0,3965.843292,520.92,0,0,58,343595,183790,88996,0,451.6129032,0,0,14451.6129,41548.3871,0,97096.77419,102,0,64600,0,64839000,8.2,0,0,0,9170.711,0,7187.068929,6039.799992,0,0,1914.053282,791311.913,55.34205855,6.251671963,50.14521037,4.960939683,4947022.5
22-07-2019,1855.812,0,0,0,0,2842.492616,5259.85,10422.12,0,0,4127.652,0,0,12657.2033,535.53,0,0,27,21226,0,106818,0,451.6129032,0,0,14451.6129,41548.3871,0,97096.77419,102,0,64600,0,64839000,8.2,0,0,0,8328.856,0,2853.207355,6166.089999,0,0,853.6582559,787894.247,55.66012614,6.263432585,50.1721532,4.959530641,4934922.5
29-07-2019,1861.048,0,0,0,0,2507.529887,5195.42,8697.250001,0,0,1587.924,0,0,4377.824199,609.99,0,7588,83,282724,168898,86371,0,12064.51613,0,0,6193.548387,22451.6129,0,88709.67742,102.5714286,0,63685.71429,0,64847000,8.2,0,0,0,3686.278,0,530.641484,2677.86,0,0,987.3505636,846887.1313,57.82606019,6.243140088,51.96738749,4.964817871,5287235
05-08-2019,1859.746,0,0,0,0,2055.723437,5214.64,5885.069998,0,0,0.012,0,0,0,578.37,0,0,49,232949,15256,92096,0,20774.19355,0,0,0,8129.032258,0,82419.35484,103,0,63000,0,64853000,8.2,0,0,0,1341.125,0,0,0,0,0,3230.20441,877408.5025,57.56453349,6.234422147,52.26526725,4.989555917,5470135
12-08-2019,1899.086,0,0,0,0,2420.436497,5210.501389,4795.859999,0,0,0,0,0,0,500.29,0,0,80,218844,9154,85667,0,20774.19355,0,0,0,8129.032258,0,82419.35484,103,1,63000,0,64853000,8.2,0,0,0,604.84,0,0,0,0,0,15233.80441,816169.1605,55.25831476,6.301065084,50.27479556,4.975421424,5142735
19-08-2019,1897.098,0,0,0,0,2387.816493,5377.58,3340.430001,0,0,0,0,0,0,627.96,0,20000,10,116664,0,81437,0,20774.19355,0,0,0,8129.032258,0,82419.35484,103,0,63000,0,64853000,8.2,0,0,0,2094.3672,0,0,0,0,0,40786.03903,821586.0501,56.56556789,6.229700467,48.14443852,4.919683086,5118235
26-08-2019,1846.138,0,0,0,0,1818.789403,5565.15,2960.64,0,0,0,0,0,0.054,638.05,0,7285,31,46092,0,88985,0,21573.11828,0,0,0,13301.07527,3966.666667,101678.4946,103.1428571,0,62785.71429,0,64855000,8.2,0,0,0,12894.01085,0,76.7119,1016.64,0,0,60283.35001,869340.1121,56.41569131,6.20687568,49.90603561,4.921370016,5395886
02-09-2019,1852.9,0,0,0,0,2589.821696,6132.838868,2809.669998,0,2247.33,7112.424,0,0,10206.36253,642.36,889.13,3700,32,367596,264047,87562,0,26366.66667,0,0,0,44333.33333,27766.66667,217233.3333,104,0,61500,0,64867000,8.2,0,0,0,17662.8429,0,2925.97122,1839.87,0,0,27980.97034,874622.0289,59.11592416,6.221185632,51.75452909,4.978601352,5441186
09-09-2019,1857.632,0,0,0,0,2743.260656,5709.99,2307.970005,0,2996.44,8172.164,0,0,6313.351095,491.14,2329.529998,0,78,206575,0,96855,0,26366.66667,0,0,0,44333.33333,27766.66667,217233.3333,104,0,61500,0,64867000,8.2,0,0,0,15490.446,0,3697.731978,1917.500004,0,0,14601.38774,785289.8414,56.13651372,6.304151332,51.05016258,4.889143368,4950586
16-09-2019,1885.45,0,0,0,0,2911.497724,5484.713752,1707.54,0,2996.44,9918.706,0,0,5294.563686,503.35,2300.55,0,123,201162,0,95820,0,26366.66667,0,0,0,44333.33333,27766.66667,217233.3333,104,0,61500,0,64867000,8.2,0,0,0,18579.21315,0,3646.547528,2011.27,0,0,36120.29177,771381.4775,58.10255799,6.295569885,53.53892267,4.776074792,4856286
23-09-2019,1868.538,0,0,0,0,2755.678486,5544.56,858.68,0,2996.44,11415.048,0,0,7513.240065,551.29,2337.840001,0,67,229564,181427,94616,0,26366.66667,0,0,0,44333.33333,27766.66667,217233.3333,104,0,61500,0,64867000,8.2,0,0,0,23026.6496,0,4071.922073,1920.52,0,0,30224.46235,819552.8304,55.14021387,6.246560088,51.21610697,4.91395588,5119386
30-09-2019,705.082,0,0,0,0,1915.819161,5310.56,409.04,0,2996.44,10816.621,0,0,7284.17614,688.66,2357.14,4850,66,108079,0,88445,0,26218.27957,0,0,0,34397.84946,50611.82796,352904.3011,104,0,62528.57143,0,64878142.86,7.857142857,0,0,0,24669.7553,0,5523.100795,1547.69,0,0,41106.76071,930861.9194,55.40406301,6.060402066,52.76261682,4.90773045,5641397.5
07-10-2019,0,0,0,0,0,0,4970.27,475.53,0,2247.33,14325.853,0,0,6967.618759,563.38,2354.14,0,92,214056,0,86853,0,26193.54839,0,0,0,32741.93548,54419.35484,375516.129,104,0,62700,0,64880000,7.8,0,0,0,24644.3606,0,4666.576205,1651.54,0,0,9702.975698,781891.9326,56.33389135,6.226688494,50.8802135,4.902986781,4868597.5
14-10-2019,0,0,0,0,0,0.176,5232.49,3.5,0,2247.33,16262.742,0,0,6355.213723,724.13,2355.84,0,41,449381,295634,103090,0,26193.54839,0,0,0,32741.93548,54419.35484,375516.129,104,0,62700,0,64880000,7.8,0,0,0,23507.7975,0,3370.185046,1783.75,0,0,14586.57492,765134.7193,57.25586855,6.282681178,49.95153489,4.864938738,4807097.5
21-10-2019,0,0,0,0,0,0.005,5224.81,2,0,1862.07,21671.138,0,0,5703.157798,582.37,2445.67,0,494,291981,176398,95761,0,26193.54839,0,0,0,32741.93548,54419.35484,375516.129,104,0,62700,0,64880000,7.8,0,0,0,27883.51545,0,2022.165294,2067.58,0,0,12041.6204,753079.3011,56.6579705,6.273174011,49.47196997,4.870261219,4724197.5
28-10-2019,0,0,0,0,0,0,5358.44,1,0,1862.07,10559.812,0,0,2506.29371,527.06,1430.160004,0,3496,54607,0,92695,700,20167.74194,0,0,0,34009.67742,44996.77419,322980.6452,104.4285714,1,60985.71429,0,64884285.71,7.8,0,0,0,18816.01545,0,930.450784,1073.110003,0,0,10051.29421,811627.8855,57.71607595,6.232095509,52.37333395,4.896876723,5058142.5
04-11-2019,0,0,0,0,0,0,4485.19,1,0,1722.96,0.084,0,0,0,560.28,0,15835,7766,126247,0,87008,1633.333333,12133.33333,0,0,0,35700,32433.33333,252933.3333,105,0,58700,0,64890000,7.8,0,0,0,7351.8795,0,0,0,0,0,28816.18417,896552.3753,57.95808206,6.147373708,52.91303125,4.917344266,5511442.5
11-11-2019,0,0,0,0,0,0,4437.89,1,0,1722.96,0.06,0,0,0,597.77,0,0,11699,231856,0,117079,1633.333333,12133.33333,0,0,0,35700,32433.33333,252933.3333,105,1,58700,0,64890000,7.8,0,0,0,5398.6044,0,0,0,0,0,14101.39186,761453.9396,58.49648649,6.35408427,52.44976982,4.935530897,4838342.5
18-11-2019,0,0,0,0,0,0,3775.27,3277.120001,0,1722.96,0.012,0,0,0,614.2,0,0,33634,156249,0,95680,1633.333333,12133.33333,0,0,0,35700,32433.33333,252933.3333,105,0,58700,0,64890000,7.8,0,0,0,10317.8076,0,0,0,0,0,5451.218786,740912.8922,56.2617543,6.297693763,51.41277983,4.928101018,4666042.5
25-11-2019,0,0,0,0,0,0,2696.34,3260.52,0,1722.96,0.005,0,0,0,428.81,0,0,22635,624468,580938,82624,3335.483871,11206.45161,0,0,0,32567.74194,34251.6129,222090.3226,104.5714286,0,58857.14286,0,64890714.29,7.8,0,0,0,9834.34895,0,0,0,0,0,1634.757247,935277.3569,57.68053337,6.035587153,53.30633315,4.896512385,5644948
02-12-2019,0,0,0,0,0,0,2291.43,3266.379999,0,1722.96,0,0,0,0,343.57,0,4850,17718,300826,245957,79451,13548.3871,5645.16129,0,0,0,13774.19355,45161.29032,37032.25806,102,0,59800,0,64895000,7.8,0,0,0,0.0276,0,0,0,0,0,16290.36723,883262.455,57.67292613,6.187682912,52.77944767,4.848345693,5465348
09-12-2019,0,0,0,0,0,0,2127.19,3209.430002,0,861.48,0,0,0,0,374.98,0,0,13851,224628,0,82015,13548.3871,5645.16129,0,0,0,13774.19355,45161.29032,37032.25806,102,0,59800,0,64895000,7.8,0,0,0,0.05285,0,0,0,0,0,23721.54251,789989.1257,57.50619808,6.219133707,52.20582814,4.909098454,4913048
16-12-2019,0,0,0,0,0,0,1945.111914,3172.509999,0,861.48,0,0,0,0,365.02,0,0,14810,223862,0,79787,13548.3871,5645.16129,0,0,0,13774.19355,45161.29032,37032.25806,102,0,59800,0,64895000,7.8,0,0,0,0.0724,0,0,0,0,0,42414.4187,806827.39,58.66527582,6.241915015,53.88408585,4.959286536,5036148
23-12-2019,0,0,0,0,0,0,1806.989583,3041.77,0,0,0,0,0,0,342.62,0,0,14466,313038,255311,66908,13548.3871,5645.16129,0,0,0,13774.19355,45161.29032,37032.25806,102,1,59800,0,64895000,7.8,0,0,0,0.045,0,0,0,0,0,13931.17786,757486.9302,57.68058959,6.293769318,53.22176721,4.965198681,4767448
30-12-2019,0,0,0,0,0,0,1799.92,781.27,0,0,0,0,0,0,352.55,0,0,15569,112769,0,95012,3870.967742,3548.387097,0,12741.93548,3709.677419,17483.87097,12903.22581,235580.6452,103.4285714,1,58871.42857,0,64897142.86,7.657142857,0,0,0,0,0,0,0,0,0,13428.89267,863621.8851,57.70523736,6.231109462,52.80508332,4.837991387,5381322.5
06-01-2020,0,0,0,0,0,0,1937.872984,1,0,4615.008075,0,0,0,0,346.29,0,0,15575,488299,255080,109754,0,2709.677419,0,17838.70968,5193.548387,18967.74194,0,315000,104,0,58500,0,64898000,7.6,0,0,0,0.0368,0,0,0,0,0,25655.38889,892140.4395,58.03210095,6.218440791,52.21384198,4.815826586,5547722.5
13-01-2020,0,0,0,0,0,0,1584.53294,2,0,4876.614638,0,0,0,0,242.52,0,0,15915,407721,260636,108022,0,2709.677419,0,17838.70968,5193.548387,18967.74194,0,315000,104,0,58500,0,64898000,7.6,0,0,0,0.036,0,0,0,0,0,70713.04365,927770.3049,56.81948995,6.213523401,49.91776302,4.823670438,5764722.5
20-01-2020,0,0,0,0,0,0,4059.18,4,0,2884.380047,0.005,0,0,0,647.49,0,0,14705,271008,223477,132259,0,2709.677419,0,17838.70968,5193.548387,18967.74194,0,315000,104,0,58500,0,64898000,7.6,7,0,0,0.0184,0,0,0,0,0,78647.17857,802700.6101,55.50047677,6.254040967,49.58556176,4.848015057,5020122.5
27-01-2020,0,0,0,0,0,0,3919.825,0.5,0,5634.602883,0,0,0,0,633.96,0,0,13792,42621,0,106350,1517.241379,2694.104561,0,12741.93548,3709.677419,32307.00779,91862.06897,234448.2759,104.2857143,0,57071.42857,0,64899428.57,7.6,3,0,0,0,0,0,0,0,0,61407.30433,815206.0606,56.22462165,6.101862143,53.35467793,4.891885149,4974275
03-02-2020,0,0,0,0,0,0,4128.14,1,0,5205.299806,0,0,0,0,620.38,0,0,14004,119650,0,108530,5310.344828,2655.172414,0,0,0,65655.17241,321517.2414,33068.96552,105,0,53500,0,64903000,7.6,5,0,0,0.099,0,0,0,0,0,18931.16392,832960.0565,58.03771846,6.145522778,53.21304328,4.8914897,5118975
10-02-2020,0,0,0,0,0,0,4129.82,0.5,0,3145.986609,0,0,0,0,625.2,0,0,14480,151542,0,98033,5310.344828,2655.172414,0,0,0,65655.17241,321517.2414,33068.96552,105,0,53500,0,64903000,7.6,1,1,0,0.015,0,0,0,0,0,2767.642857,752842.9762,55.64009938,6.213613127,50.71577536,4.827990161,4677875
17-02-2020,0,0,0,0,0,0,4348.671183,2.5,0,1636.71798,0,0,0,0,577.71,0,0,14087,141938,0,106657,5310.344828,2655.172414,0,0,0,65655.17241,321517.2414,33068.96552,105,0,53500,0,64903000,7.6,0,0,0,0.1057,0,0,0,0,0,14893.62302,749789.0258,54.89031521,6.152630728,53.93869694,4.930711695,4613175
24-02-2020,0,0,0,0,0,0.039,4551.43,2,0,4514.390167,0,0,13045.63787,0,701.43,0,0,13908,387809,337825,89667,4551.724138,3921.023359,0,0,0,62017.79755,275586.2069,50054.50501,104.7142857,0,54028.57143,0,64903714.29,7.6,88,1,0,0,0,0,0,0,0,12281.72314,894390.9618,57.85875993,6.286069784,56.24928195,4.884868055,5622204
02-03-2020,0,0,0,0,0,0,4273.045,2,0,2951.458653,0,0,3075.983722,0,807.69,0,0,14724,125485,0,109569,0,11516.12903,0,0,0,40193.54839,0,151967.7419,103,0,57200,0,64908000,7.6,1016,17,0,0,0,0,0,0,0,46833.4967,1166342.877,60.89592846,6.117758458,60.54221661,4.804963498,7135404
09-03-2020,0,0,0,0,0,0,4290.91,2,0,1817.830216,0,0,3182.512174,0,695.61,0,0,14554,156441,0,93349,0,11516.12903,0,0,0,40193.54839,0,151967.7419,103,0,57200,0,64908000,7.6,4264,108,0,0,0,0,0,0,0,15887.27363,1182542.864,60.31138666,6.196734361,58.71125367,4.803427939,7327904
16-03-2020,0,0,0,0,0,0,4700.63,0,0,1965.403148,0,0,4949.379714,0,788.58,0,0,15729,146201,0,112561,0,11516.12903,0,0,0,40193.54839,0,151967.7419,103,0,57200,0,64908000,7.6,8912,435,0,0.00755,0,0,0,0,0,7746.883516,1073412.038,53.92015696,6.052944976,55.1430017,4.847477434,6497304
23-03-2020,0,0,0,0,0,0,6256.07595,1,0,1100.089134,0,0,5088.520685,0,491.22,0,0,17361,329426,285319,121049,0,11516.12903,0,0,0,40193.54839,0,151967.7419,103,0,57200,1,64908000,7.6,22849,1749,0,0.0906,0,0,0,0,0,5643.8,733512.3975,52.92432056,6.325869905,51.58600763,4.839664261,4640104
30-03-2020,0,0,0,0,0,0,7764.3,0,0,1334.864254,0,0,993.151401,0,2778.54,0,0,18207,119041,0,129105,0,10123.65591,0,0,67000,24317.2043,0,62252.68817,97.28571429,0,55057.14286,1,64906571.43,7.6,30612,5235,0,0,0,0,0,0,0,9748.534066,823801.3726,54.76621521,6.069178404,55.33029363,4.860628912,4999797.5
06-04-2020,0,0,0,0,0,0,3372.38,539.289999,0,1321.448533,0,0,0,0,2351.31,0,0,20651,523812,362061,137992,0,9566.666667,0,0,93800,17966.66667,0,26366.66667,95,0,54200,1,64906000,7.6,25030,6268,0,0.009,0,0,0,0,0,10908.2756,800328.7588,53.84042646,6.09561689,53.93589491,4.843545948,4878497.5
13-04-2020,0,0,0,0,0,0,1706.93,1065.860015,0,684.2017786,0,0,0,0,3211.49,0,0,28263,461767,290907,147973,0,9566.666667,0,0,93800,17966.66667,0,26366.66667,95,1,54200,1,64906000,7.6,17934,5480,0,0.0604,0,0,0,0,0,7921.526696,742526.6337,52.65400003,6.111696597,52.85027233,4.820312353,4538097.5
20-04-2020,0,0,0,0,0,4774.551033,1639.66,7966.229999,0,845.1904324,0,0,0,0,3443.11,0,0,27584,52644,0,131263,0,9566.666667,0,0,93800,17966.66667,0,26366.66667,95,0,54200,1,64906000,7.6,12154,3286,0,0,0,0,0,0,0,18452.79099,771960.3665,53.41422678,6.104196153,54.74419346,4.816967874,4712197.5
27-04-2020,0,0,0,0,0,28512.74037,1769.99,25837.03003,0,2273.964735,0.005,0,0,0,4686.11,0,0,27180,56757,0,127011,4741.935484,8756.989247,0,0,55632.25806,30686.02151,185225.8065,24550.53763,94.14285714,1,56642.85714,1,64902571.43,7.6,6583,2144,0,0,0,0,0,0,0,16423.65342,794301.4837,52.43569318,6.067570185,53.83782803,4.766798631,4819480
04-05-2020,0,0,0,0,0,10414.17651,2243.19,2642.050004,0,1334.864254,0,0,0,0,3654.3,0,0,26071,234216,0,128517,11064.51613,7677.419355,0,0,4741.935484,47645.16129,432193.5484,22129.03226,93,1,59900,1,64898000,7.6,7550,1544,0,0,0,0,0,0,0,11158.71923,926373.5185,55.78940424,6.040306516,55.49113835,4.773467461,5595580
11-05-2020,0,0,0,7179.375286,0,4831.929528,2393.59,1075.480011,0,2059.313196,0,0,4615.371514,0,2605.01,0,0,21667,151704,0,110332,11064.51613,7677.419355,0,0,4741.935484,47645.16129,432193.5484,22129.03226,93,0,59900,1,64898000,7.6,3000,1310,0,0,0,0,0,0,0,2248.7,785245.1735,54.18644856,6.129143053,53.53408846,4.806452543,4812880
18-05-2020,0,0,0,17032.93489,0,9721.759739,2589.75,9873.439986,0,1589.762956,0,0,5332.904573,0,2541.05,0,0,20688,51045,0,102924,11064.51613,7677.419355,0,0,4741.935484,47645.16129,432193.5484,22129.03226,93,1,59900,1,64898000,7.6,2165,703,0,0.02265,0,0,0,0,0,54670.17857,784683.4333,53.80076636,6.13709911,52.70550024,4.790151957,4815680
25-05-2020,0,0,0,6562.1435,0,5501.142043,2537.86,8923.720012,0,2777.054278,0,0,5513.550497,0,2521.41,0,0,19769,43550,0,93887,11064.51613,7677.419355,0,0,4741.935484,47645.16129,432193.5484,22129.03226,93,0,59900,1,64898000,7.6,6263,436,0,0,0,0,0,0,0,23682.98095,840774.5188,57.17998309,6.142550571,55.63804441,4.851503846,5164500
01-06-2020,0,0,0,0.031994,0,0,2739.21,1075.980003,0,2347.751201,0.016,0,4681.485249,0,2689.86,0,0,21325,210240.5329,92810.09868,99939,7700,2800,0,0,0,31266.66667,0,257600,93,1,59436,1,64898000,7.6,1586,367,0,0,0,0,0,0,0,15803.45073,910557.3962,58.39083544,6.16874897,56.40496419,4.822768293,5617000
08-06-2020,0,0,0,0,0,0,2782,3742.977999,0,3132.570888,0,0,4148.221368,0,2688.4,0,0,20683,210240.5329,92810.09868,110895,7700,2800,0,0,0,31266.66667,0,257600,93,0,59436,1,64898000,7.6,2438,251,0,0,0,0,0,0,0,2392.235897,830896.2664,56.61701087,6.238925615,54.72732497,4.78993016,5183900
15-06-2020,0,0,0,0,0,0,2622.45,4007.615998,0,3132.570888,0,0,3691.624404,0,2123.31,0,0,19906,210240.5329,92810.09868,101008,7700,2800,0,0,0,31266.66667,0,257600,93,0,59436,1,64898000,7.6,2102,230,0,380.505,0,0,0,0,0,13390.42912,802877.3245,55.46429021,6.28090973,54.27638581,4.835722379,5042800
22-06-2020,0,0,0,0.031994,0,0,2422.14,3086.460004,0,2441.661249,0,0,3275.200935,0,1469.43,0,0,19441,210240.5329,92810.09868,96274,7700,2800,0,0,0,31266.66667,0,257600,93,0,59436,1,64898000,7.6,1594,135,0,4288.965,0,0,0,0,0,23858.50934,877969.1513,54.26498967,6.264798702,53.77318883,4.755774556,5500300
